{
  "year": 2022,
  "day": 23,
  "mean_err_Fr_lt_1": 2.2492620944976807,
  "mean_err_Fr_geq_1": 2.873272657394409,
  "n_lt": 25507,
  "n_geq": 21982
}