{
  "australia": {
    "rmse": 10.000432014465332,
    "bias": 9.97071361541748,
    "r2": 0.6301696321286685,
    "n": 462682
  },
  "china": {
    "rmse": 7.388802528381348,
    "bias": -3.1047589778900146,
    "r2": 0.8583496236250107,
    "n": 801988
  },
  "southeast_asia": {
    "rmse": 7.331192970275879,
    "bias": 6.833171844482422,
    "r2": 0.7319285354713893,
    "n": 324902
  },
  "south_africa": {
    "rmse": 9.959009170532227,
    "bias": 9.849691390991211,
    "r2": 0.7589622495263963,
    "n": 217720
  }
}